Property,R2,MAE,MSE,Pearson Correlation
LogP,0.13251230348446275,0.11188542657133368,0.029571845162777128,0.46894263839943584
Area,0.05184354541634495,0.17304386334348942,0.06638105163571147,0.38650445459375427
Donors,0.17175284353718212,0.1663451044489499,0.05508867234225135,0.4857576712134607
Acceptors,-0.4834489193051108,0.07607895791577034,0.029894718422152963,0.4784372344783888
Point,0.1291225788826793,0.1776130272829231,0.05864330860101517,0.46583847101456355
