Property,R2,MAE,MSE,Pearson Correlation
LogP,0.24949442641886055,0.10910994200857993,0.02558403387724034,0.5356634787979451
Area,-0.00907444615967301,0.18541420305963474,0.0706459599478393,0.3130079560016399
Donors,0.11797044765904863,0.17920978772261717,0.05866586637327578,0.44841523763184254
Acceptors,0.24106944327054014,0.0720328381421799,0.01529409944632451,0.5883174821931149
Point,0.06051782946683837,0.19018833079296746,0.06326302820096388,0.4200411185851267
