Property,R2,MAE,MSE,Pearson Correlation
LogP,0.0460551185032414,0.12044868540057067,0.0325190898300431,0.3362720930070487
Area,0.003941068792833513,0.188701004434118,0.06973473525918061,0.2057540594108559
Donors,0.2587163882047053,0.1894396105485104,0.04930452182567183,0.5313547272409714
Acceptors,0.14716187215490018,0.057081314556781726,0.017186541012512983,0.6038752342092917
Point,0.14092331554479776,0.19138747309749995,0.057848668362314226,0.43021736470805755
