{
    "48_1846104_25": 0.5486,
    "116_1998745_abtpa-2": 0.52196,
    "63_1866017_r-sq": 0.01898,
    "49_1815222_hof1a": 0.0618,
    "76_1893340_1": 0.0303,
    "138_1969815_2d-90": 0.2253,
    "207-hof-pytta": 0.02068,
    "2_g4ibs": 0.0,
    "2002164359m-tpy": 0.17238,
    "11_1010353_hof-4": 0.35158,
    "254-exp_485": 0.08916,
    "88_1850862_2": 0.0338,
    "86_1865476_cpos-5_273k": 0.14376,
    "194-aniline_fju-360": 0.03516,
    "84_1867929_3": 0.07368,
    "3_822585_2dmf4meohs2b": 0.02622,
    "118_1991982_pentamof-3": 0.2445,
    "293-aanth": 0.09582,
    "37_1541088-iv": 0.02384,
    "28_1478362_t1": 0.04956,
    "294-4_bpy_dmso_dcm": 0.052,
    "2162209418zhof": 0.03894,
    "187_1d-r": 0.0317,
    "292-hiam-103": 0.22408,
    "102_1970867_53dmso": 0.04166,
    "2_g4mbs22": 0.0522,
    "2_g4fbs0514": 0.02712,
    "1_13": 0.0407,
    "254-ck1222a": 0.15428,
    "259-etta_cl": 0.16462,
    "29_1529718_hof-9": 0.38468,
    "297_sof-10": 0.24012,
    "37_1541096-xii": 0.06762,
    "159_2078212_cp-pp-1dcb": 0.02942,
    "162_2076404_pyia_298k": 0.0255,
    "2_g4bbs2": 0.05116,
    "55_1837139_1’-7min": 0.1614,
    "102_1970868_262dmso9h2o": 0.01964,
    "179-hof-30": 0.05072,
    "142_2031628_8pcom-dcm": 0.06988,
    "2_g4ebs3": 0.04582,
    "70_1898279_hof1⊃thiophene": 0.29412,
    "193-dap-hof-1": 0.13492,
    "277-hdsd-1": 0.01776,
    "87_1902587_tcpp-2dmf": 0.06778,
    "55_1837143_1-8min": 0.15488,
    "97_1907797_hof-76": 0.30466,
    "259-etta_cl1br3": 0.17492,
    "218-hof-tcpb-298": 0.05736,
    "36_1566037_imp-19": 0.00978,
    "219tri-pmdi-br": 0.43364,
    "84_1867933_7a": 0.0634,
    "25_1499633_x-ph": 0.5088,
    "168_2087506_hof-30a-c3h4": 0.0924,
    "45_1555043_1c": 0.02754,
    "282-cp-hp-1": 0.0414,
    "243-hof-fju-40": 0.04778,
    "28_1478356_t2nmp275": 0.33464,
    "190_hof-101-nh2": 0.41734,
    "2_g4cbs0513": 0.08294,
    "293-2s4": 0.0,
    "43_1583115_cpos-3": 0.03622,
    "199-2088382": 0.03126,
    "15-mo_jesse04_0m_sq": 0.33658,
    "163_2091096_hcof-101": 0.23526,
    "157_1979289_hof-16-methanol": 0.02888,
    "84_1867937_5micro": 0.10414,
    "37_1541093-ix": 0.03656,
    "51_1819783_tcf-3": 0.02612,
    "54_1857530_pyopen⊃mecn": 0.23172,
    "28_1520230_t2edmf173": 0.79162,
    "313-h4bptc-bpe": 0.14634,
    "12_trispyrazole1": 0.38534,
    "9_1427360_hof-2-s-pea": 0.26878,
    "5-8": 0.26018,
    "48_1550504_16": 0.19152,
    "2_g25dmbs": 0.04348,
    "201-hof-fju-2dmso": 0.05278,
    "57_1851025_tcpp-13-dpp": 0.33692,
    "187_3d-benzene-pbenzoquinone": 0.0,
    "180_hof-6": 0.1232,
    "48_1846107_19": 0.08346,
    "2_g234tmbs": 0.04556,
    "294-5_pyridine": 0.05164,
    "92_1879988_mhof-2": 0.04606,
    "212-hcof6": 0.2145,
    "71_1900772_hof-19": 0.4065,
    "2_g4tbbs02527": 0.0975,
    "250-hof-zstu-2": 0.21924,
    "153_2038609_bisimidazoliumterephthalate-100k": 0.0203,
    "2_g34dmbs": 0.02898,
    "128_2010567_pfc-33": 0.35654,
    "37_1541087-iii": 0.0,
    "190_hof-101-ch3": 0.38322,
    "13-2d1_dma_c2": 0.4843,
    "253-hof-fju-46": 0.19804,
    "78_1576305_1": 0.03888,
    "29_1438257_hof-9-py": 0.15,
    "43_1583114_cpos-2": 0.03472,
    "2262206854": 0.02978,
    "187_3d-benzene": 0.0,
    "109_1881304_mtocz": 0.12616,
    "54_1857529_pyopen⊃isoproh": 0.23566,
    "28_1478355_t1chcl33": 0.03892,
    "294-3_5": 0.10386,
    "186_pfc-73-cu": 0.5219,
    "51_1819782_tcf-2": 0.4181,
    "18_1445429_1-h2o": 0.0,
    "254-auto": 0.02498,
    "107_1973441_1": 0.0,
    "2_g3fbs": 0.04484,
    "84_1867930_4": 0.0491,
    "182_ihof-3": 0.01734,
    "162_2076402_pyba_298k": 0.02794,
    "219n-hexanehof-tri-pmdi-br": 0.35134,
    "254--hcof-bf3-08": 0.1185,
    "23_1424091_1_2d3": 0.37228,
    "293-s3_4": 0.0462,
    "194-fju-360": 0.10568,
    "119_1974671_dy-hhfs": 0.04888,
    "5-1": 0.31294,
    "49_1815224_hof2a": 0.06392,
    "185_hof-110": 0.50224,
    "63_1866018_sq-2tfa": 0.06584,
    "305-hof-45": 0.48866,
    "48_1846102_3": 0.0,
    "294-1_4": 0.6302,
    "192hof-tripod": 0.18414,
    "53_1576297_1": 0.0155,
    "87_1902589_tcpp-6dmf": 0.04612,
    "2_g2mbs059": 0.06142,
    "33_1567204_hof-10": 0.26898,
    "19_1457116_ex-1": 0.0224,
    "43_1583113_cpos-1": 0.0543,
    "1_15": 0.02786,
    "231hof-fju-88": 0.24152,
    "19_1035282_t18-2dmf": 0.08766,
    "160_2056902_tpe2bpy": 0.23228,
    "293-bnh2": 0.26682,
    "141_2027045_hof-nf": 0.0,
    "118_1991980_pentamof-2": 0.08682,
    "178_ptc-235": 0.24596,
    "148_1940052_seu-1": 0.14458,
    "2_g2mbs": 0.06668,
    "17_1411460_1": 0.05428,
    "168_2087501_hof-30m": 0.15026,
    "205l-et": 0.0319,
    "13-2d2_dmf": 0.08766,
    "6_880741_1-pys-tpmatmbd-pos2": 0.09388,
    "88_1850834_3": 0.03352,
    "48_1846101_5": 0.0,
    "235_phof-1": 0.17774,
    "13-2b_ref_br": 0.04064,
    "89_1916385_2": 0.0,
    "37_1541092-viii": 0.04456,
    "117_1948437_hons1": 0.02612,
    "193-dap-hof-2": 0.14342,
    "106_1904338_pfc-11": 0.30666,
    "105_1976117_cpbtq-1mebz": 0.31466,
    "186_pfc-72-co": 0.49296,
    "5-7": 0.19272,
    "32_1540572_cphat-1a": 0.26674,
    "21_1473368_hof-gs-10": 0.16834,
    "162_2076399_pycalow-a": 0.01766,
    "5-6": 0.41618,
    "1_10": 0.03104,
    "298-ecut-hof-30": 0.05072,
    "33_1052040_hof-5": 0.0,
    "77_1913304_pethof-3": 0.80352,
    "184_cfa-20-tp2": 0.3913,
    "264-cp-py-1-menaph": 0.04628,
    "37_1541085-i": 0.0,
    "113_1984953_hof-20": 0.40956,
    "13-1d1_dmf": 0.1308,
    "139_2052953_phnh2fju-200": 0.05742,
    "116_1977891_abtpa-1": 0.45258,
    "18_1445430_2-h2o": 0.01896,
    "73_1908804_p5": 0.19606,
    "37_1541090-vi": 0.0383,
    "210-xhof": 0.00522,
    "38_1578416-tpme-1": 0.31678,
    "48_1846105_23": 0.01088,
    "187_3d-thf": 0.30062,
    "273-nku-1000-100k": 0.01588,
    "271-1": 0.01814,
    "98_1938466_complex2": 0.06974,
    "160_2056904_tpe2tph": 0.08862,
    "258-hof-lifm-6": 0.46104,
    "110_1981967_g4hspb[rubpy3]": 0.05186,
    "258-hof-lifm-8": 0.53946,
    "2_g2cbs": 0.0,
    "293-areverse": 0.31886,
    "62_1877480_cphatn-npdmac": 0.06376,
    "36_1566036_imp-18": 0.47176,
    "2_g4mbs0516": 0.09634,
    "92_1879989_mhof-3": 0.05864,
    "91_1941697_unam-1": 0.23426,
    "157_2078751_hof-16-ethanol": 0.02214,
    "275-cage-6-cooh_nmp_solvate": 0.22942,
    "259-etta_i": 0.21156,
    "40_1510309_hoifs-2": 0.34318,
    "187_2d-s": 0.04884,
    "218-hof-tcpb-333": 0.04682,
    "260-hof-nbda": 0.38158,
    "43_1583116_cpos-4": 0.05358,
    "282-ppy-1_01_0000": 0.04142,
    "2_g3cbs": 0.0,
    "9_1427359_hof-2-r-pea": 0.27568,
    "168_2087502_hof-30e": 0.11728,
    "2_g4ibs26": 0.05186,
    "293-abiphen": 0.22602,
    "118_1991981_pentamof-1": 0.38864,
    "73_1908801_monomer2": 0.22016,
    "258-hof-lifm-10": 0.47618,
    "84_1867934_8": 0.0626,
    "56_1833798_1dy4": 0.6055,
    "19_1424089_tp-1": 0.37164,
    "172-tpe-aa-2": 0.0694,
    "293-1biphenyldicarboxylate": 0.1086,
    "38_1578415_tpme-3": 0.35486,
    "84_1867928_2": 0.03274,
    "2_g4fbs20": 0.05556,
    "192hof-hapcp": 0.04316,
    "2_g24dmbs": 0.07166,
    "28_1478360_t2dmac779": 0.49238,
    "2272235813": 0.02678,
    "75_1889091_16pf6": 0.36268,
    "152_2077923_pfc-79": 0.23728,
    "129_1984230_upc-h9": 0.05422,
    "151-bptp-1-tcb": 0.41586,
    "160_2056903_tpe-2bph": 0.0939,
    "301-pttcn-1": 0.0564,
    "2033": 0.42006,
    "102_1970871_83dmsosolvent": 0.12812,
    "64_1823162_1-ni": 0.62834,
    "175_2062609_26": 0.0,
    "294-3_4": 0.17136,
    "1_7": 0.0,
    "293-bbiphen_2d": 0.30778,
    "1_5": 0.03696,
    "275-cagehof-2_deso": 0.23428,
    "49_1815223_hof1b": 0.02444,
    "189_2038905_cpdc-1": 0.15614,
    "1_2": 0.03386,
    "169_2083182_re6-hof-2as": 0.35462,
    "232hof-tppas": 0.15268,
    "79_1890647_hof-co": 0.03168,
    "2252257051hof-fju-37": 0.0132,
    "175_2062608_25": 0.01586,
    "5-14": 0.28,
    "1_1": 0.03408,
    "256-th5_dmf-thf": 0.42974,
    "150-hof-fju-4": 0.13004,
    "2_g4ipbs": 0.0834,
    "187_3d-p-benzoquinone": 0.00752,
    "62_1886521_cphatn-npnmp": 0.21958,